positive,negative
ABLE,ABANDON
ABUNDANCE,ABANDONED
ABUNDANT,ABANDONING
ACCLAIMED,ABANDONMENT
ACCOMPLISH,ABANDONMENTS
ACCOMPLISHED,ABANDONS
ACCOMPLISHES,ABDICATED
ACCOMPLISHING,ABDICATES
ACCOMPLISHMENT,ABDICATING
ACCOMPLISHMENTS,ABDICATION
ACHIEVE,ABDICATIONS
ACHIEVED,ABERRANT
ACHIEVEMENT,ABERRATION
ACHIEVEMENTS,ABERRATIONAL
ACHIEVES,ABERRATIONS
ACHIEVING,ABETTING
ADEQUATELY,ABNORMAL
ADVANCEMENT,ABNORMALITIES
ADVANCEMENTS,ABNORMALITY
ADVANCES,ABNORMALLY
ADVANCING,ABOLISH
ADVANTAGE,ABOLISHED
ADVANTAGED,ABOLISHES
ADVANTAGEOUS,ABOLISHING
ADVANTAGEOUSLY,ABROGATE
ADVANTAGES,ABROGATED
ALLIANCE,ABROGATES
ALLIANCES,ABROGATING
ASSURE,ABROGATION
ASSURED,ABROGATIONS
ASSURES,ABRUPT
ASSURING,ABRUPTLY
ATTAIN,ABRUPTNESS
ATTAINED,ABSENCE
ATTAINING,ABSENCES
ATTAINMENT,ABSENTEEISM
ATTAINMENTS,ABUSE
ATTAINS,ABUSED
ATTRACTIVE,ABUSES
ATTRACTIVENESS,ABUSING
BEAUTIFUL,ABUSIVE
BEAUTIFULLY,ABUSIVELY
BENEFICIAL,ABUSIVENESS
BENEFICIALLY,ACCIDENT
BENEFIT,ACCIDENTAL
BENEFITED,ACCIDENTALLY
BENEFITING,ACCIDENTS
BENEFITTED,ACCUSATION
BENEFITTING,ACCUSATIONS
BEST,ACCUSE
BETTER,ACCUSED
BOLSTERED,ACCUSES
BOLSTERING,ACCUSING
BOLSTERS,ACQUIESCE
BOOM,ACQUIESCED
BOOMING,ACQUIESCES
BOOST,ACQUIESCING
BOOSTED,ACQUIT
BREAKTHROUGH,ACQUITS
BREAKTHROUGHS,ACQUITTAL
BRILLIANT,ACQUITTALS
CHARITABLE,ACQUITTED
COLLABORATE,ACQUITTING
COLLABORATED,ADULTERATE
COLLABORATES,ADULTERATED
COLLABORATING,ADULTERATING
COLLABORATION,ADULTERATION
COLLABORATIONS,ADULTERATIONS
COLLABORATIVE,ADVERSARIAL
COLLABORATOR,ADVERSARIES
COLLABORATORS,ADVERSARY
COMPLIMENT,ADVERSE
COMPLIMENTARY,ADVERSELY
COMPLIMENTED,ADVERSITIES
COMPLIMENTING,ADVERSITY
COMPLIMENTS,AFTERMATH
CONCLUSIVE,AFTERMATHS
CONCLUSIVELY,AGAINST
CONDUCIVE,AGGRAVATE
CONFIDENT,AGGRAVATED
CONSTRUCTIVE,AGGRAVATES
CONSTRUCTIVELY,AGGRAVATING
COURTEOUS,AGGRAVATION
CREATIVE,AGGRAVATIONS
CREATIVELY,ALERTED
CREATIVENESS,ALERTING
CREATIVITY,ALIENATE
DELIGHT,ALIENATED
DELIGHTED,ALIENATES
DELIGHTFUL,ALIENATING
DELIGHTFULLY,ALIENATION
DELIGHTING,ALIENATIONS
DELIGHTS,ALLEGATION
DEPENDABILITY,ALLEGATIONS
DEPENDABLE,ALLEGE
DESIRABLE,ALLEGED
DESIRED,ALLEGEDLY
DESPITE,ALLEGES
DESTINED,ALLEGING
DILIGENT,ANNOY
DILIGENTLY,ANNOYANCE
DISTINCTION,ANNOYANCES
DISTINCTIONS,ANNOYED
DISTINCTIVE,ANNOYING
DISTINCTIVELY,ANNOYS
DISTINCTIVENESS,ANNUL
DREAM,ANNULLED
EASIER,ANNULLING
EASILY,ANNULMENT
EASY,ANNULMENTS
EFFECTIVE,ANNULS
EFFICIENCIES,ANOMALIES
EFFICIENCY,ANOMALOUS
EFFICIENT,ANOMALOUSLY
EFFICIENTLY,ANOMALY
EMPOWER,ANTICOMPETITIVE
EMPOWERED,ANTITRUST
EMPOWERING,ARGUE
EMPOWERS,ARGUED
ENABLE,ARGUING
ENABLED,ARGUMENT
ENABLES,ARGUMENTATIVE
ENABLING,ARGUMENTS
ENCOURAGED,ARREARAGE
ENCOURAGEMENT,ARREARAGES
ENCOURAGES,ARREARS
ENCOURAGING,ARREST
ENHANCE,ARRESTED
ENHANCED,ARRESTS
ENHANCEMENT,ARTIFICIALLY
ENHANCEMENTS,ASSAULT
ENHANCES,ASSAULTED
ENHANCING,ASSAULTING
ENJOY,ASSAULTS
ENJOYABLE,ASSERTIONS
ENJOYABLY,ATTRITION
ENJOYED,AVERSELY
ENJOYING,BACKDATING
ENJOYMENT,BAD
ENJOYS,BAIL
ENTHUSIASM,BAILOUT
ENTHUSIASTIC,BALK
ENTHUSIASTICALLY,BALKED
EXCELLENCE,BANKRUPT
EXCELLENT,BANKRUPTCIES
EXCELLING,BANKRUPTCY
EXCELS,BANKRUPTED
EXCEPTIONAL,BANKRUPTING
EXCEPTIONALLY,BANKRUPTS
EXCITED,BANS
EXCITEMENT,BARRED
EXCITING,BARRIER
EXCLUSIVE,BARRIERS
EXCLUSIVELY,BOTTLENECK
EXCLUSIVENESS,BOTTLENECKS
EXCLUSIVES,BOYCOTT
EXCLUSIVITY,BOYCOTTED
EXEMPLARY,BOYCOTTING
FANTASTIC,BOYCOTTS
FAVORABLE,BREACH
FAVORABLY,BREACHED
FAVORED,BREACHES
FAVORING,BREACHING
FAVORITE,BREAK
FAVORITES,BREAKAGE
FRIENDLY,BREAKAGES
GAIN,BREAKDOWN
GAINED,BREAKDOWNS
GAINING,BREAKING
GAINS,BREAKS
GOOD,BRIBE
GREAT,BRIBED
GREATER,BRIBERIES
GREATEST,BRIBERY
GREATLY,BRIBES
GREATNESS,BRIBING
HAPPIEST,BRIDGE
HAPPILY,BROKEN
HAPPINESS,BURDEN
HAPPY,BURDENED
HIGHEST,BURDENING
HONOR,BURDENS
HONORABLE,BURDENSOME
HONORED,BURNED
HONORING,CALAMITIES
HONORS,CALAMITOUS
IDEAL,CALAMITY
IMPRESS,CANCEL
IMPRESSED,CANCELED
IMPRESSES,CANCELING
IMPRESSING,CANCELLATION
IMPRESSIVE,CANCELLATIONS
IMPRESSIVELY,CANCELLED
IMPROVE,CANCELLING
IMPROVED,CANCELS
IMPROVEMENT,CARELESS
IMPROVEMENTS,CARELESSLY
IMPROVES,CARELESSNESS
IMPROVING,CATASTROPHE
INCREDIBLE,CATASTROPHES
INCREDIBLY,CATASTROPHIC
INFLUENTIAL,CATASTROPHICALLY
INFORMATIVE,CAUTION
INGENUITY,CAUTIONARY
INNOVATE,CAUTIONED
INNOVATED,CAUTIONING
INNOVATES,CAUTIONS
INNOVATING,CEASE
INNOVATION,CEASED
INNOVATIONS,CEASES
INNOVATIVE,CEASING
INNOVATIVENESS,CENSURE
INNOVATOR,CENSURED
INNOVATORS,CENSURES
INSIGHTFUL,CENSURING
INSPIRATION,CHALLENGE
INSPIRATIONAL,CHALLENGED
INTEGRITY,CHALLENGES
INVENT,CHALLENGING
INVENTED,CHARGEOFFS
INVENTING,CIRCUMVENT
INVENTION,CIRCUMVENTED
INVENTIONS,CIRCUMVENTING
INVENTIVE,CIRCUMVENTION
INVENTIVENESS,CIRCUMVENTIONS
INVENTOR,CIRCUMVENTS
INVENTORS,CLAIMING
LEADERSHIP,CLAIMS
LEADING,CLAWBACK
LOYAL,CLOSED
LUCRATIVE,CLOSEOUT
MERITORIOUS,CLOSEOUTS
OPPORTUNITIES,CLOSING
OPPORTUNITY,CLOSINGS
OPTIMISTIC,CLOSURE
OUTPERFORM,CLOSURES
OUTPERFORMED,COERCE
OUTPERFORMING,COERCED
OUTPERFORMS,COERCES
PERFECT,COERCING
PERFECTED,COERCION
PERFECTLY,COERCIVE
PERFECTS,COLLAPSE
PLEASANT,COLLAPSED
PLEASANTLY,COLLAPSES
PLEASED,COLLAPSING
PLEASURE,COLLISION
PLENTIFUL,COLLISIONS
POPULAR,COLLUDE
POPULARITY,COLLUDED
POSITIVE,COLLUDES
POSITIVELY,COLLUDING
PREEMINENCE,COLLUSION
PREEMINENT,COLLUSIONS
PREMIER,COLLUSIVE
PREMIERE,COMPLAIN
PRESTIGE,COMPLAINED
PRESTIGIOUS,COMPLAINING
PROACTIVE,COMPLAINS
PROACTIVELY,COMPLAINT
PROFICIENCY,COMPLAINTS
PROFICIENT,COMPLICATE
PROFICIENTLY,COMPLICATED
PROFITABILITY,COMPLICATES
PROFITABLE,COMPLICATING
PROFITABLY,COMPLICATION
PROGRESS,COMPLICATIONS
PROGRESSED,COMPULSION
PROGRESSES,CONCEALED
PROGRESSING,CONCEALING
PROSPERED,CONCEDE
PROSPERING,CONCEDED
PROSPERITY,CONCEDES
PROSPEROUS,CONCEDING
PROSPERS,CONCERN
REBOUND,CONCERNED
REBOUNDED,CONCERNS
REBOUNDING,CONCILIATING
RECEPTIVE,CONCILIATION
REGAIN,CONCILIATIONS
REGAINED,CONDEMN
REGAINING,CONDEMNATION
RESOLVE,CONDEMNATIONS
REVOLUTIONIZE,CONDEMNED
REVOLUTIONIZED,CONDEMNING
REVOLUTIONIZES,CONDEMNS
REVOLUTIONIZING,CONDONE
REWARD,CONDONED
REWARDED,CONFESS
REWARDING,CONFESSED
REWARDS,CONFESSES
SATISFACTION,CONFESSING
SATISFACTORILY,CONFESSION
SATISFACTORY,CONFINE
SATISFIED,CONFINED
SATISFIES,CONFINEMENT
SATISFY,CONFINEMENTS
SATISFYING,CONFINES
SMOOTH,CONFINING
SMOOTHING,CONFISCATE
SMOOTHLY,CONFISCATED
SMOOTHS,CONFISCATES
SOLVES,CONFISCATING
SOLVING,CONFISCATION
SPECTACULAR,CONFISCATIONS
SPECTACULARLY,CONFLICT
STABILITY,CONFLICTED
STABILIZATION,CONFLICTING
STABILIZATIONS,CONFLICTS
STABILIZE,CONFRONT
STABILIZED,CONFRONTATION
STABILIZES,CONFRONTATIONAL
STABILIZING,CONFRONTATIONS
STABLE,CONFRONTED
STRENGTH,CONFRONTING
STRENGTHEN,CONFRONTS
STRENGTHENED,CONFUSE
STRENGTHENING,CONFUSED
STRENGTHENS,CONFUSES
STRENGTHS,CONFUSING
STRONG,CONFUSINGLY
STRONGER,CONFUSION
STRONGEST,CONSPIRACIES
SUCCEED,CONSPIRACY
SUCCEEDED,CONSPIRATOR
SUCCEEDING,CONSPIRATORIAL
SUCCEEDS,CONSPIRATORS
SUCCESS,CONSPIRE
SUCCESSES,CONSPIRED
SUCCESSFUL,CONSPIRES
SUCCESSFULLY,CONSPIRING
SUPERIOR,CONTEMPT
SURPASS,CONTEND
SURPASSED,CONTENDED
SURPASSES,CONTENDING
SURPASSING,CONTENDS
TRANSPARENCY,CONTENTION
TREMENDOUS,CONTENTIONS
TREMENDOUSLY,CONTENTIOUS
UNMATCHED,CONTENTIOUSLY
UNPARALLELED,CONTESTED
UNSURPASSED,CONTESTING
UPTURN,CONTRACTION
UPTURNS,CONTRACTIONS
VALUABLE,CONTRADICT
VERSATILE,CONTRADICTED
VERSATILITY,CONTRADICTING
VIBRANCY,CONTRADICTION
VIBRANT,CONTRADICTIONS
WIN,CONTRADICTORY
WINNER,CONTRADICTS
WINNERS,CONTRARY
WINNING,CONTROVERSIAL
WORTHY,CONTROVERSIES
,CONTROVERSY
,CONVICT
,CONVICTED
,CONVICTING
,CONVICTION
,CONVICTIONS
,CORRECTED
,CORRECTING
,CORRECTION
,CORRECTIONS
,CORRECTS
,CORRUPT
,CORRUPTED
,CORRUPTING
,CORRUPTION
,CORRUPTIONS
,CORRUPTLY
,CORRUPTNESS
,COSTLY
,COUNTERCLAIM
,COUNTERCLAIMED
,COUNTERCLAIMING
,COUNTERCLAIMS
,COUNTERFEIT
,COUNTERFEITED
,COUNTERFEITER
,COUNTERFEITERS
,COUNTERFEITING
,COUNTERFEITS
,COUNTERMEASURE
,COUNTERMEASURES
,CRIME
,CRIMES
,CRIMINAL
,CRIMINALLY
,CRIMINALS
,CRISES
,CRISIS
,CRITICAL
,CRITICALLY
,CRITICISM
,CRITICISMS
,CRITICIZE
,CRITICIZED
,CRITICIZES
,CRITICIZING
,CRUCIAL
,CRUCIALLY
,CULPABILITY
,CULPABLE
,CULPABLY
,CUMBERSOME
,CURTAIL
,CURTAILED
,CURTAILING
,CURTAILMENT
,CURTAILMENTS
,CURTAILS
,CUT
,CUTBACK
,CUTBACKS
,CYBERATTACK
,CYBERATTACKS
,CYBERBULLYING
,CYBERCRIME
,CYBERCRIMES
,CYBERCRIMINAL
,CYBERCRIMINALS
,DAMAGE
,DAMAGED
,DAMAGES
,DAMAGING
,DAMPEN
,DAMPENED
,DANGER
,DANGEROUS
,DANGEROUSLY
,DANGERS
,DEADLOCK
,DEADLOCKED
,DEADLOCKING
,DEADLOCKS
,DEADWEIGHT
,DEADWEIGHTS
,DEBARMENT
,DEBARMENTS
,DEBARRED
,DECEASED
,DECEIT
,DECEITFUL
,DECEITFULNESS
,DECEIVE
,DECEIVED
,DECEIVES
,DECEIVING
,DECEPTION
,DECEPTIONS
,DECEPTIVE
,DECEPTIVELY
,DECLINE
,DECLINED
,DECLINES
,DECLINING
,DEFACE
,DEFACED
,DEFACEMENT
,DEFAMATION
,DEFAMATIONS
,DEFAMATORY
,DEFAME
,DEFAMED
,DEFAMES
,DEFAMING
,DEFAULT
,DEFAULTED
,DEFAULTING
,DEFAULTS
,DEFEAT
,DEFEATED
,DEFEATING
,DEFEATS
,DEFECT
,DEFECTIVE
,DEFECTS
,DEFEND
,DEFENDANT
,DEFENDANTS
,DEFENDED
,DEFENDING
,DEFENDS
,DEFENSIVE
,DEFER
,DEFICIENCIES
,DEFICIENCY
,DEFICIENT
,DEFICIT
,DEFICITS
,DEFRAUD
,DEFRAUDED
,DEFRAUDING
,DEFRAUDS
,DEFUNCT
,DEGRADATION
,DEGRADATIONS
,DEGRADE
,DEGRADED
,DEGRADES
,DEGRADING
,DELAY
,DELAYED
,DELAYING
,DELAYS
,DELETERIOUS
,DELIBERATE
,DELIBERATED
,DELIBERATELY
,DELINQUENCIES
,DELINQUENCY
,DELINQUENT
,DELINQUENTLY
,DELINQUENTS
,DELIST
,DELISTED
,DELISTING
,DELISTS
,DEMISE
,DEMISED
,DEMISES
,DEMISING
,DEMOLISH
,DEMOLISHED
,DEMOLISHES
,DEMOLISHING
,DEMOLITION
,DEMOLITIONS
,DEMOTE
,DEMOTED
,DEMOTES
,DEMOTING
,DEMOTION
,DEMOTIONS
,DENIAL
,DENIALS
,DENIED
,DENIES
,DENIGRATE
,DENIGRATED
,DENIGRATES
,DENIGRATING
,DENIGRATION
,DENY
,DENYING
,DEPLETE
,DEPLETED
,DEPLETES
,DEPLETING
,DEPLETION
,DEPLETIONS
,DEPRECATION
,DEPRESS
,DEPRESSED
,DEPRESSES
,DEPRESSING
,DEPRIVATION
,DEPRIVE
,DEPRIVED
,DEPRIVES
,DEPRIVING
,DERELICT
,DERELICTION
,DEROGATORY
,DESTABILIZATION
,DESTABILIZE
,DESTABILIZED
,DESTABILIZING
,DESTROY
,DESTROYED
,DESTROYING
,DESTROYS
,DESTRUCTION
,DESTRUCTIVE
,DETAIN
,DETAINED
,DETENTION
,DETENTIONS
,DETER
,DETERIORATE
,DETERIORATED
,DETERIORATES
,DETERIORATING
,DETERIORATION
,DETERIORATIONS
,DETERRED
,DETERRENCE
,DETERRENCES
,DETERRENT
,DETERRENTS
,DETERRING
,DETERS
,DETRACT
,DETRACTED
,DETRACTING
,DETRIMENT
,DETRIMENTAL
,DETRIMENTALLY
,DETRIMENTS
,DEVALUE
,DEVALUED
,DEVALUES
,DEVALUING
,DEVASTATE
,DEVASTATED
,DEVASTATING
,DEVASTATION
,DEVIATE
,DEVIATED
,DEVIATES
,DEVIATING
,DEVIATION
,DEVIATIONS
,DEVOLVE
,DEVOLVED
,DEVOLVES
,DEVOLVING
,DIFFICULT
,DIFFICULTIES
,DIFFICULTLY
,DIFFICULTY
,DIMINISH
,DIMINISHED
,DIMINISHES
,DIMINISHING
,DIMINUTION
,DISADVANTAGE
,DISADVANTAGED
,DISADVANTAGEOUS
,DISADVANTAGES
,DISAFFILIATION
,DISAGREE
,DISAGREEABLE
,DISAGREED
,DISAGREEING
,DISAGREEMENT
,DISAGREEMENTS
,DISAGREES
,DISALLOW
,DISALLOWANCE
,DISALLOWANCES
,DISALLOWED
,DISALLOWING
,DISALLOWS
,DISAPPEAR
,DISAPPEARANCE
,DISAPPEARANCES
,DISAPPEARED
,DISAPPEARING
,DISAPPEARS
,DISAPPOINT
,DISAPPOINTED
,DISAPPOINTING
,DISAPPOINTINGLY
,DISAPPOINTMENT
,DISAPPOINTMENTS
,DISAPPOINTS
,DISAPPROVAL
,DISAPPROVALS
,DISAPPROVE
,DISAPPROVED
,DISAPPROVES
,DISAPPROVING
,DISASSOCIATES
,DISASSOCIATING
,DISASSOCIATION
,DISASSOCIATIONS
,DISASTER
,DISASTERS
,DISASTROUS
,DISASTROUSLY
,DISAVOW
,DISAVOWAL
,DISAVOWED
,DISAVOWING
,DISAVOWS
,DISCIPLINARY
,DISCLAIM
,DISCLAIMED
,DISCLAIMER
,DISCLAIMERS
,DISCLAIMING
,DISCLAIMS
,DISCLOSE
,DISCLOSED
,DISCLOSES
,DISCLOSING
,DISCONTINUANCE
,DISCONTINUANCES
,DISCONTINUATION
,DISCONTINUATIONS
,DISCONTINUE
,DISCONTINUED
,DISCONTINUES
,DISCONTINUING
,DISCOURAGE
,DISCOURAGED
,DISCOURAGES
,DISCOURAGING
,DISCREDIT
,DISCREDITED
,DISCREDITING
,DISCREDITS
,DISCREPANCIES
,DISCREPANCY
,DISFAVOR
,DISFAVORED
,DISFAVORING
,DISFAVORS
,DISGORGE
,DISGORGED
,DISGORGEMENT
,DISGORGEMENTS
,DISGORGES
,DISGORGING
,DISGRACE
,DISGRACEFUL
,DISGRACEFULLY
,DISHONEST
,DISHONESTLY
,DISHONESTY
,DISHONOR
,DISHONORABLE
,DISHONORABLY
,DISHONORED
,DISHONORING
,DISHONORS
,DISINCENTIVES
,DISINTERESTED
,DISINTERESTEDLY
,DISINTERESTEDNESS
,DISLOYAL
,DISLOYALLY
,DISLOYALTY
,DISMAL
,DISMALLY
,DISMISS
,DISMISSAL
,DISMISSALS
,DISMISSED
,DISMISSES
,DISMISSING
,DISORDERLY
,DISPARAGE
,DISPARAGED
,DISPARAGEMENT
,DISPARAGEMENTS
,DISPARAGES
,DISPARAGING
,DISPARAGINGLY
,DISPARITIES
,DISPARITY
,DISPLACE
,DISPLACED
,DISPLACEMENT
,DISPLACEMENTS
,DISPLACES
,DISPLACING
,DISPOSE
,DISPOSSESS
,DISPOSSESSED
,DISPOSSESSES
,DISPOSSESSING
,DISPROPORTION
,DISPROPORTIONAL
,DISPROPORTIONATE
,DISPROPORTIONATELY
,DISPUTE
,DISPUTED
,DISPUTES
,DISPUTING
,DISQUALIFICATION
,DISQUALIFICATIONS
,DISQUALIFIED
,DISQUALIFIES
,DISQUALIFY
,DISQUALIFYING
,DISREGARD
,DISREGARDED
,DISREGARDING
,DISREGARDS
,DISREPUTABLE
,DISREPUTE
,DISRUPT
,DISRUPTED
,DISRUPTING
,DISRUPTION
,DISRUPTIONS
,DISRUPTIVE
,DISRUPTS
,DISSATISFACTION
,DISSATISFIED
,DISSENT
,DISSENTED
,DISSENTER
,DISSENTERS
,DISSENTING
,DISSENTS
,DISSIDENT
,DISSIDENTS
,DISSOLUTION
,DISSOLUTIONS
,DISTORT
,DISTORTED
,DISTORTING
,DISTORTION
,DISTORTIONS
,DISTORTS
,DISTRACT
,DISTRACTED
,DISTRACTING
,DISTRACTION
,DISTRACTIONS
,DISTRACTS
,DISTRESS
,DISTRESSED
,DISTURB
,DISTURBANCE
,DISTURBANCES
,DISTURBED
,DISTURBING
,DISTURBS
,DIVERSION
,DIVERT
,DIVERTED
,DIVERTING
,DIVERTS
,DIVEST
,DIVESTED
,DIVESTING
,DIVESTITURE
,DIVESTITURES
,DIVESTMENT
,DIVESTMENTS
,DIVESTS
,DIVORCE
,DIVORCED
,DIVULGE
,DIVULGED
,DIVULGES
,DIVULGING
,DOUBT
,DOUBTED
,DOUBTFUL
,DOUBTS
,DOWNGRADE
,DOWNGRADED
,DOWNGRADES
,DOWNGRADING
,DOWNSIZE
,DOWNSIZED
,DOWNSIZES
,DOWNSIZING
,DOWNSIZINGS
,DOWNTIME
,DOWNTIMES
,DOWNTURN
,DOWNTURNS
,DOWNWARD
,DOWNWARDS
,DRAG
,DRASTIC
,DRASTICALLY
,DRAWBACK
,DRAWBACKS
,DROPPED
,DROUGHT
,DROUGHTS
,DURESS
,DYSFUNCTION
,DYSFUNCTIONAL
,DYSFUNCTIONS
,EASING
,EGREGIOUS
,EGREGIOUSLY
,EMBARGO
,EMBARGOED
,EMBARGOES
,EMBARGOING
,EMBARRASS
,EMBARRASSED
,EMBARRASSES
,EMBARRASSING
,EMBARRASSMENT
,EMBARRASSMENTS
,EMBEZZLE
,EMBEZZLED
,EMBEZZLEMENT
,EMBEZZLEMENTS
,EMBEZZLER
,EMBEZZLES
,EMBEZZLING
,ENCROACH
,ENCROACHED
,ENCROACHES
,ENCROACHING
,ENCROACHMENT
,ENCROACHMENTS
,ENCUMBER
,ENCUMBERED
,ENCUMBERING
,ENCUMBERS
,ENCUMBRANCE
,ENCUMBRANCES
,ENDANGER
,ENDANGERED
,ENDANGERING
,ENDANGERMENT
,ENDANGERS
,ENJOIN
,ENJOINED
,ENJOINING
,ENJOINS
,ERODE
,ERODED
,ERODES
,ERODING
,EROSION
,ERRATIC
,ERRATICALLY
,ERRED
,ERRING
,ERRONEOUS
,ERRONEOUSLY
,ERROR
,ERRORS
,ERRS
,ESCALATE
,ESCALATED
,ESCALATES
,ESCALATING
,EVADE
,EVADED
,EVADES
,EVADING
,EVASION
,EVASIONS
,EVASIVE
,EVICT
,EVICTED
,EVICTING
,EVICTION
,EVICTIONS
,EVICTS
,EXACERBATE
,EXACERBATED
,EXACERBATES
,EXACERBATING
,EXACERBATION
,EXACERBATIONS
,EXAGGERATE
,EXAGGERATED
,EXAGGERATES
,EXAGGERATING
,EXAGGERATION
,EXCESSIVE
,EXCESSIVELY
,EXCULPATE
,EXCULPATED
,EXCULPATES
,EXCULPATING
,EXCULPATION
,EXCULPATIONS
,EXCULPATORY
,EXONERATE
,EXONERATED
,EXONERATES
,EXONERATING
,EXONERATION
,EXONERATIONS
,EXPLOIT
,EXPLOITATION
,EXPLOITATIONS
,EXPLOITATIVE
,EXPLOITED
,EXPLOITING
,EXPLOITS
,EXPOSE
,EXPOSED
,EXPOSES
,EXPOSING
,EXPROPRIATE
,EXPROPRIATED
,EXPROPRIATES
,EXPROPRIATING
,EXPROPRIATION
,EXPROPRIATIONS
,EXPULSION
,EXPULSIONS
,EXTENUATING
,FAIL
,FAILED
,FAILING
,FAILINGS
,FAILS
,FAILURE
,FAILURES
,FALLOUT
,FALSE
,FALSELY
,FALSIFICATION
,FALSIFICATIONS
,FALSIFIED
,FALSIFIES
,FALSIFY
,FALSIFYING
,FALSITY
,FATALITIES
,FATALITY
,FATALLY
,FAULT
,FAULTED
,FAULTS
,FAULTY
,FEAR
,FEARS
,FELONIES
,FELONIOUS
,FELONY
,FICTITIOUS
,FINED
,FINES
,FIRED
,FIRING
,FLAW
,FLAWED
,FLAWS
,FORBID
,FORBIDDEN
,FORBIDDING
,FORBIDS
,FORCE
,FORCED
,FORCING
,FORECLOSE
,FORECLOSED
,FORECLOSES
,FORECLOSING
,FORECLOSURE
,FORECLOSURES
,FOREGO
,FOREGOES
,FOREGONE
,FORESTALL
,FORESTALLED
,FORESTALLING
,FORESTALLS
,FORFEIT
,FORFEITED
,FORFEITING
,FORFEITS
,FORFEITURE
,FORFEITURES
,FORGERS
,FORGERY
,FRAUD
,FRAUDS
,FRAUDULENCE
,FRAUDULENT
,FRAUDULENTLY
,FRIVOLOUS
,FRIVOLOUSLY
,FRUSTRATE
,FRUSTRATED
,FRUSTRATES
,FRUSTRATING
,FRUSTRATINGLY
,FRUSTRATION
,FRUSTRATIONS
,FUGITIVE
,FUGITIVES
,GRATUITOUS
,GRATUITOUSLY
,GRIEVANCE
,GRIEVANCES
,GROSSLY
,GROUNDLESS
,GUILTY
,HALT
,HALTED
,HAMPER
,HAMPERED
,HAMPERING
,HAMPERS
,HARASS
,HARASSED
,HARASSING
,HARASSMENT
,HARDSHIP
,HARDSHIPS
,HARM
,HARMED
,HARMFUL
,HARMFULLY
,HARMING
,HARMS
,HARSH
,HARSHER
,HARSHEST
,HARSHLY
,HARSHNESS
,HAZARD
,HAZARDOUS
,HAZARDS
,HINDER
,HINDERED
,HINDERING
,HINDERS
,HINDRANCE
,HINDRANCES
,HOSTILE
,HOSTILITY
,HURT
,HURTING
,IDLE
,IDLED
,IDLING
,IGNORE
,IGNORED
,IGNORES
,IGNORING
,ILL
,ILLEGAL
,ILLEGALITIES
,ILLEGALITY
,ILLEGALLY
,ILLEGIBLE
,ILLICIT
,ILLICITLY
,ILLIQUID
,ILLIQUIDITY
,IMBALANCE
,IMBALANCES
,IMMATURE
,IMMORAL
,IMPAIR
,IMPAIRED
,IMPAIRING
,IMPAIRMENT
,IMPAIRMENTS
,IMPAIRS
,IMPASSE
,IMPASSES
,IMPEDE
,IMPEDED
,IMPEDES
,IMPEDIMENT
,IMPEDIMENTS
,IMPEDING
,IMPENDING
,IMPERATIVE
,IMPERFECTION
,IMPERFECTIONS
,IMPERIL
,IMPERMISSIBLE
,IMPLICATE
,IMPLICATED
,IMPLICATES
,IMPLICATING
,IMPOSSIBILITY
,IMPOSSIBLE
,IMPOUND
,IMPOUNDED
,IMPOUNDING
,IMPOUNDS
,IMPRACTICABLE
,IMPRACTICAL
,IMPRACTICALITIES
,IMPRACTICALITY
,IMPRISONMENT
,IMPROPER
,IMPROPERLY
,IMPROPRIETIES
,IMPROPRIETY
,IMPRUDENT
,IMPRUDENTLY
,INABILITY
,INACCESSIBLE
,INACCURACIES
,INACCURACY
,INACCURATE
,INACCURATELY
,INACTION
,INACTIONS
,INACTIVATE
,INACTIVATED
,INACTIVATES
,INACTIVATING
,INACTIVATION
,INACTIVATIONS
,INACTIVITY
,INADEQUACIES
,INADEQUACY
,INADEQUATE
,INADEQUATELY
,INADVERTENT
,INADVERTENTLY
,INADVISABILITY
,INADVISABLE
,INAPPROPRIATE
,INAPPROPRIATELY
,INATTENTION
,INCAPABLE
,INCAPACITATED
,INCAPACITY
,INCARCERATE
,INCARCERATED
,INCARCERATES
,INCARCERATING
,INCARCERATION
,INCARCERATIONS
,INCIDENCE
,INCIDENCES
,INCIDENT
,INCIDENTS
,INCOMPATIBILITIES
,INCOMPATIBILITY
,INCOMPATIBLE
,INCOMPETENCE
,INCOMPETENCY
,INCOMPETENT
,INCOMPETENTLY
,INCOMPETENTS
,INCOMPLETE
,INCOMPLETELY
,INCOMPLETENESS
,INCONCLUSIVE
,INCONSISTENCIES
,INCONSISTENCY
,INCONSISTENT
,INCONSISTENTLY
,INCONVENIENCE
,INCONVENIENCES
,INCONVENIENT
,INCORRECT
,INCORRECTLY
,INCORRECTNESS
,INDECENCY
,INDECENT
,INDEFEASIBLE
,INDEFEASIBLY
,INDICT
,INDICTABLE
,INDICTED
,INDICTING
,INDICTMENT
,INDICTMENTS
,INEFFECTIVE
,INEFFECTIVELY
,INEFFECTIVENESS
,INEFFICIENCIES
,INEFFICIENCY
,INEFFICIENT
,INEFFICIENTLY
,INELIGIBILITY
,INELIGIBLE
,INEQUITABLE
,INEQUITABLY
,INEQUITIES
,INEQUITY
,INEVITABLE
,INEXPERIENCE
,INEXPERIENCED
,INFERIOR
,INFLICTED
,INFRACTION
,INFRACTIONS
,INFRINGE
,INFRINGED
,INFRINGEMENT
,INFRINGEMENTS
,INFRINGES
,INFRINGING
,INHIBITED
,INIMICAL
,INJUNCTION
,INJUNCTIONS
,INJURE
,INJURED
,INJURES
,INJURIES
,INJURING
,INJURIOUS
,INJURY
,INORDINATE
,INORDINATELY
,INQUIRY
,INSECURE
,INSENSITIVE
,INSOLVENCIES
,INSOLVENCY
,INSOLVENT
,INSTABILITY
,INSUBORDINATION
,INSUFFICIENCY
,INSUFFICIENT
,INSUFFICIENTLY
,INSURRECTION
,INSURRECTIONS
,INTENTIONAL
,INTERFERE
,INTERFERED
,INTERFERENCE
,INTERFERENCES
,INTERFERES
,INTERFERING
,INTERMITTENT
,INTERMITTENTLY
,INTERRUPT
,INTERRUPTED
,INTERRUPTING
,INTERRUPTION
,INTERRUPTIONS
,INTERRUPTS
,INTIMIDATION
,INTRUSION
,INVALID
,INVALIDATE
,INVALIDATED
,INVALIDATES
,INVALIDATING
,INVALIDATION
,INVALIDITY
,INVESTIGATE
,INVESTIGATED
,INVESTIGATES
,INVESTIGATING
,INVESTIGATION
,INVESTIGATIONS
,INVOLUNTARILY
,INVOLUNTARY
,IRRECONCILABLE
,IRRECONCILABLY
,IRRECOVERABLE
,IRRECOVERABLY
,IRREGULAR
,IRREGULARITIES
,IRREGULARITY
,IRREGULARLY
,IRREPARABLE
,IRREPARABLY
,IRREVERSIBLE
,JEOPARDIZE
,JEOPARDIZED
,JUSTIFIABLE
,KICKBACK
,KICKBACKS
,KNOWINGLY
,LACK
,LACKED
,LACKING
,LACKLUSTER
,LACKS
,LAG
,LAGGED
,LAGGING
,LAGS
,LAPSE
,LAPSED
,LAPSES
,LAPSING
,LATE
,LAUNDERING
,LAYOFF
,LAYOFFS
,LIE
,LIMITATION
,LIMITATIONS
,LINGERING
,LIQUIDATE
,LIQUIDATED
,LIQUIDATES
,LIQUIDATING
,LIQUIDATION
,LIQUIDATIONS
,LIQUIDATOR
,LIQUIDATORS
,LITIGANT
,LITIGANTS
,LITIGATE
,LITIGATED
,LITIGATES
,LITIGATING
,LITIGATION
,LITIGATIONS
,LOCKOUT
,LOCKOUTS
,LOSE
,LOSES
,LOSING
,LOSS
,LOSSES
,LOST
,LYING
,MALFEASANCE
,MALFUNCTION
,MALFUNCTIONED
,MALFUNCTIONING
,MALFUNCTIONS
,MALICE
,MALICIOUS
,MALICIOUSLY
,MALPRACTICE
,MANIPULATE
,MANIPULATED
,MANIPULATES
,MANIPULATING
,MANIPULATION
,MANIPULATIONS
,MANIPULATIVE
,MARKDOWN
,MARKDOWNS
,MISAPPLICATION
,MISAPPLICATIONS
,MISAPPLIED
,MISAPPLIES
,MISAPPLY
,MISAPPLYING
,MISAPPROPRIATE
,MISAPPROPRIATED
,MISAPPROPRIATES
,MISAPPROPRIATING
,MISAPPROPRIATION
,MISAPPROPRIATIONS
,MISBRANDED
,MISCALCULATE
,MISCALCULATED
,MISCALCULATES
,MISCALCULATING
,MISCALCULATION
,MISCALCULATIONS
,MISCHARACTERIZATION
,MISCHIEF
,MISCLASSIFICATION
,MISCLASSIFICATIONS
,MISCLASSIFIED
,MISCLASSIFY
,MISCOMMUNICATION
,MISCONDUCT
,MISDATED
,MISDEMEANOR
,MISDEMEANORS
,MISDIRECTED
,MISHANDLE
,MISHANDLED
,MISHANDLES
,MISHANDLING
,MISINFORM
,MISINFORMATION
,MISINFORMED
,MISINFORMING
,MISINFORMS
,MISINTERPRET
,MISINTERPRETATION
,MISINTERPRETATIONS
,MISINTERPRETED
,MISINTERPRETING
,MISINTERPRETS
,MISJUDGE
,MISJUDGED
,MISJUDGES
,MISJUDGING
,MISJUDGMENT
,MISJUDGMENTS
,MISLABEL
,MISLABELED
,MISLABELING
,MISLABELLED
,MISLABELS
,MISLEAD
,MISLEADING
,MISLEADINGLY
,MISLEADS
,MISLED
,MISMANAGE
,MISMANAGED
,MISMANAGEMENT
,MISMANAGES
,MISMANAGING
,MISMATCH
,MISMATCHED
,MISMATCHES
,MISMATCHING
,MISPLACED
,MISPRICE
,MISPRICING
,MISPRICINGS
,MISREPRESENT
,MISREPRESENTATION
,MISREPRESENTATIONS
,MISREPRESENTED
,MISREPRESENTING
,MISREPRESENTS
,MISS
,MISSED
,MISSES
,MISSTATE
,MISSTATED
,MISSTATEMENT
,MISSTATEMENTS
,MISSTATES
,MISSTATING
,MISSTEP
,MISSTEPS
,MISTAKE
,MISTAKEN
,MISTAKENLY
,MISTAKES
,MISTAKING
,MISTRIAL
,MISTRIALS
,MISUNDERSTAND
,MISUNDERSTANDING
,MISUNDERSTANDINGS
,MISUNDERSTOOD
,MISUSE
,MISUSED
,MISUSES
,MISUSING
,MONOPOLISTIC
,MONOPOLISTS
,MONOPOLIZATION
,MONOPOLIZE
,MONOPOLIZED
,MONOPOLIZES
,MONOPOLIZING
,MONOPOLY
,MORATORIA
,MORATORIUM
,MORATORIUMS
,MOTHBALLED
,MOTHBALLING
,NEGATIVE
,NEGATIVELY
,NEGATIVES
,NEGLECT
,NEGLECTED
,NEGLECTFUL
,NEGLECTING
,NEGLECTS
,NEGLIGENCE
,NEGLIGENCES
,NEGLIGENT
,NEGLIGENTLY
,NONATTAINMENT
,NONCOMPETITIVE
,NONCOMPLIANCE
,NONCOMPLIANCES
,NONCOMPLIANT
,NONCOMPLYING
,NONCONFORMING
,NONCONFORMITIES
,NONCONFORMITY
,NONDISCLOSURE
,NONFUNCTIONAL
,NONPAYMENT
,NONPAYMENTS
,NONPERFORMANCE
,NONPERFORMANCES
,NONPERFORMING
,NONPRODUCING
,NONPRODUCTIVE
,NONRECOVERABLE
,NONRENEWAL
,NUISANCE
,NUISANCES
,NULLIFICATION
,NULLIFICATIONS
,NULLIFIED
,NULLIFIES
,NULLIFY
,NULLIFYING
,OBJECTED
,OBJECTING
,OBJECTION
,OBJECTIONABLE
,OBJECTIONABLY
,OBJECTIONS
,OBSCENE
,OBSCENITY
,OBSOLESCENCE
,OBSOLETE
,OBSTACLE
,OBSTACLES
,OBSTRUCT
,OBSTRUCTED
,OBSTRUCTING
,OBSTRUCTION
,OBSTRUCTIONS
,OFFENCE
,OFFENCES
,OFFEND
,OFFENDED
,OFFENDER
,OFFENDERS
,OFFENDING
,OFFENDS
,OMISSION
,OMISSIONS
,OMIT
,OMITS
,OMITTED
,OMITTING
,ONEROUS
,OPPORTUNISTIC
,OPPORTUNISTICALLY
,OPPOSE
,OPPOSED
,OPPOSES
,OPPOSING
,OPPOSITION
,OPPOSITIONS
,OUTAGE
,OUTAGES
,OUTDATED
,OUTMODED
,OVERAGE
,OVERAGES
,OVERBUILD
,OVERBUILDING
,OVERBUILDS
,OVERBUILT
,OVERBURDEN
,OVERBURDENED
,OVERBURDENING
,OVERCAPACITIES
,OVERCAPACITY
,OVERCHARGE
,OVERCHARGED
,OVERCHARGES
,OVERCHARGING
,OVERCOME
,OVERCOMES
,OVERCOMING
,OVERDUE
,OVERESTIMATE
,OVERESTIMATED
,OVERESTIMATES
,OVERESTIMATING
,OVERESTIMATION
,OVERESTIMATIONS
,OVERLOAD
,OVERLOADED
,OVERLOADING
,OVERLOADS
,OVERLOOK
,OVERLOOKED
,OVERLOOKING
,OVERLOOKS
,OVERPAID
,OVERPAYMENT
,OVERPAYMENTS
,OVERPRODUCED
,OVERPRODUCES
,OVERPRODUCING
,OVERPRODUCTION
,OVERRUN
,OVERRUNNING
,OVERRUNS
,OVERSHADOW
,OVERSHADOWED
,OVERSHADOWING
,OVERSHADOWS
,OVERSTATE
,OVERSTATED
,OVERSTATEMENT
,OVERSTATEMENTS
,OVERSTATES
,OVERSTATING
,OVERSUPPLIED
,OVERSUPPLIES
,OVERSUPPLY
,OVERSUPPLYING
,OVERTLY
,OVERTURN
,OVERTURNED
,OVERTURNING
,OVERTURNS
,OVERVALUE
,OVERVALUED
,OVERVALUING
,PANIC
,PANICS
,PENALIZE
,PENALIZED
,PENALIZES
,PENALIZING
,PENALTIES
,PENALTY
,PERIL
,PERILS
,PERJURY
,PERPETRATE
,PERPETRATED
,PERPETRATES
,PERPETRATING
,PERPETRATION
,PERSIST
,PERSISTED
,PERSISTENCE
,PERSISTENT
,PERSISTENTLY
,PERSISTING
,PERSISTS
,PERVASIVE
,PERVASIVELY
,PERVASIVENESS
,PETTY
,PICKET
,PICKETED
,PICKETING
,PLAINTIFF
,PLAINTIFFS
,PLEA
,PLEAD
,PLEADED
,PLEADING
,PLEADINGS
,PLEADS
,PLEAS
,PLED
,POOR
,POORLY
,POSES
,POSING
,POSTPONE
,POSTPONED
,POSTPONEMENT
,POSTPONEMENTS
,POSTPONES
,POSTPONING
,PRECIPITATED
,PRECIPITOUS
,PRECIPITOUSLY
,PRECLUDE
,PRECLUDED
,PRECLUDES
,PRECLUDING
,PREDATORY
,PREJUDICE
,PREJUDICED
,PREJUDICES
,PREJUDICIAL
,PREJUDICING
,PREMATURE
,PREMATURELY
,PRESSING
,PRETRIAL
,PREVENTING
,PREVENTION
,PREVENTS
,PROBLEM
,PROBLEMATIC
,PROBLEMATICAL
,PROBLEMS
,PROLONG
,PROLONGATION
,PROLONGATIONS
,PROLONGED
,PROLONGING
,PROLONGS
,PRONE
,PROSECUTE
,PROSECUTED
,PROSECUTES
,PROSECUTING
,PROSECUTION
,PROSECUTIONS
,PROTEST
,PROTESTED
,PROTESTER
,PROTESTERS
,PROTESTING
,PROTESTOR
,PROTESTORS
,PROTESTS
,PROTRACTED
,PROTRACTION
,PROVOKE
,PROVOKED
,PROVOKES
,PROVOKING
,PUNISHED
,PUNISHES
,PUNISHING
,PUNISHMENT
,PUNISHMENTS
,PUNITIVE
,PURPORT
,PURPORTED
,PURPORTEDLY
,PURPORTING
,PURPORTS
,QUESTION
,QUESTIONABLE
,QUESTIONABLY
,QUESTIONED
,QUESTIONING
,QUESTIONS
,QUIT
,QUITTING
,RACKETEER
,RACKETEERING
,RATIONALIZATION
,RATIONALIZATIONS
,RATIONALIZE
,RATIONALIZED
,RATIONALIZES
,RATIONALIZING
,REASSESSMENT
,REASSESSMENTS
,REASSIGN
,REASSIGNED
,REASSIGNING
,REASSIGNMENT
,REASSIGNMENTS
,REASSIGNS
,RECALL
,RECALLED
,RECALLING
,RECALLS
,RECESSION
,RECESSIONARY
,RECESSIONS
,RECKLESS
,RECKLESSLY
,RECKLESSNESS
,REDACT
,REDACTED
,REDACTING
,REDACTION
,REDACTIONS
,REDEFAULT
,REDEFAULTED
,REDEFAULTS
,REDRESS
,REDRESSED
,REDRESSES
,REDRESSING
,REFUSAL
,REFUSALS
,REFUSE
,REFUSED
,REFUSES
,REFUSING
,REJECT
,REJECTED
,REJECTING
,REJECTION
,REJECTIONS
,REJECTS
,RELINQUISH
,RELINQUISHED
,RELINQUISHES
,RELINQUISHING
,RELINQUISHMENT
,RELINQUISHMENTS
,RELUCTANCE
,RELUCTANT
,RENEGOTIATE
,RENEGOTIATED
,RENEGOTIATES
,RENEGOTIATING
,RENEGOTIATION
,RENEGOTIATIONS
,RENOUNCE
,RENOUNCED
,RENOUNCEMENT
,RENOUNCEMENTS
,RENOUNCES
,RENOUNCING
,REPARATION
,REPARATIONS
,REPOSSESSED
,REPOSSESSES
,REPOSSESSING
,REPOSSESSION
,REPOSSESSIONS
,REPUDIATE
,REPUDIATED
,REPUDIATES
,REPUDIATING
,REPUDIATION
,REPUDIATIONS
,RESIGN
,RESIGNATION
,RESIGNATIONS
,RESIGNED
,RESIGNING
,RESIGNS
,RESTATE
,RESTATED
,RESTATEMENT
,RESTATEMENTS
,RESTATES
,RESTATING
,RESTRUCTURE
,RESTRUCTURED
,RESTRUCTURES
,RESTRUCTURING
,RESTRUCTURINGS
,RETALIATE
,RETALIATED
,RETALIATES
,RETALIATING
,RETALIATION
,RETALIATIONS
,RETALIATORY
,RETRIBUTION
,RETRIBUTIONS
,REVOCATION
,REVOCATIONS
,REVOKE
,REVOKED
,REVOKES
,REVOKING
,RIDICULE
,RIDICULED
,RIDICULES
,RIDICULING
,RISKIER
,RISKIEST
,RISKY
,SABOTAGE
,SACRIFICE
,SACRIFICED
,SACRIFICES
,SACRIFICIAL
,SACRIFICING
,SCANDALOUS
,SCANDALS
,SCRUTINIZE
,SCRUTINIZED
,SCRUTINIZES
,SCRUTINIZING
,SCRUTINY
,SECRECY
,SEIZE
,SEIZED
,SEIZES
,SEIZING
,SENTENCED
,SENTENCING
,SERIOUS
,SERIOUSLY
,SERIOUSNESS
,SETBACK
,SETBACKS
,SEVER
,SEVERE
,SEVERED
,SEVERELY
,SEVERITIES
,SEVERITY
,SHARPLY
,SHOCKED
,SHORTAGE
,SHORTAGES
,SHORTFALL
,SHORTFALLS
,SHRINKAGE
,SHRINKAGES
,SHUT
,SHUTDOWN
,SHUTDOWNS
,SHUTS
,SHUTTING
,SLANDER
,SLANDERED
,SLANDEROUS
,SLANDERS
,SLIPPAGE
,SLIPPAGES
,SLOW
,SLOWDOWN
,SLOWDOWNS
,SLOWED
,SLOWER
,SLOWEST
,SLOWING
,SLOWLY
,SLOWNESS
,SLUGGISH
,SLUGGISHLY
,SLUGGISHNESS
,SOLVENCIES
,SOLVENCY
,SPAM
,SPAMMERS
,SPAMMING
,STAGGERING
,STAGNANT
,STAGNATE
,STAGNATED
,STAGNATES
,STAGNATING
,STAGNATION
,STANDSTILL
,STANDSTILLS
,STOLEN
,STOPPAGE
,STOPPAGES
,STOPPED
,STOPPING
,STOPS
,STRAIN
,STRAINED
,STRAINING
,STRAINS
,STRESS
,STRESSED
,STRESSES
,STRESSFUL
,STRESSING
,STRINGENT
,SUBJECTED
,SUBJECTING
,SUBJECTION
,SUBPOENA
,SUBPOENAED
,SUBPOENAS
,SUBSTANDARD
,SUE
,SUED
,SUES
,SUFFER
,SUFFERED
,SUFFERING
,SUFFERS
,SUING
,SUMMONED
,SUMMONING
,SUMMONS
,SUMMONSES
,SUSCEPTIBILITY
,SUSCEPTIBLE
,SUSPECT
,SUSPECTED
,SUSPECTS
,SUSPEND
,SUSPENDED
,SUSPENDING
,SUSPENDS
,SUSPENSION
,SUSPENSIONS
,SUSPICION
,SUSPICIONS
,SUSPICIOUS
,SUSPICIOUSLY
,TAINT
,TAINTED
,TAINTING
,TAINTS
,TAMPERED
,TENSE
,TERMINATE
,TERMINATED
,TERMINATES
,TERMINATING
,TERMINATION
,TERMINATIONS
,TESTIFY
,TESTIFYING
,THREAT
,THREATEN
,THREATENED
,THREATENING
,THREATENS
,THREATS
,TIGHTENING
,TOLERATE
,TOLERATED
,TOLERATES
,TOLERATING
,TOLERATION
,TORTUOUS
,TORTUOUSLY
,TRAGEDIES
,TRAGEDY
,TRAGIC
,TRAGICALLY
,TRAUMATIC
,TROUBLE
,TROUBLED
,TROUBLES
,TURBULENCE
,TURMOIL
,UNABLE
,UNACCEPTABLE
,UNACCEPTABLY
,UNACCOUNTED
,UNANNOUNCED
,UNANTICIPATED
,UNAPPROVED
,UNATTRACTIVE
,UNAUTHORIZED
,UNAVAILABILITY
,UNAVAILABLE
,UNAVOIDABLE
,UNAVOIDABLY
,UNAWARE
,UNCOLLECTABLE
,UNCOLLECTED
,UNCOLLECTIBILITY
,UNCOLLECTIBLE
,UNCOLLECTIBLES
,UNCOMPETITIVE
,UNCOMPLETED
,UNCONSCIONABLE
,UNCONSCIONABLY
,UNCONTROLLABLE
,UNCONTROLLABLY
,UNCONTROLLED
,UNCORRECTED
,UNCOVER
,UNCOVERED
,UNCOVERING
,UNCOVERS
,UNDELIVERABLE
,UNDELIVERED
,UNDERCAPITALIZED
,UNDERCUT
,UNDERCUTS
,UNDERCUTTING
,UNDERESTIMATE
,UNDERESTIMATED
,UNDERESTIMATES
,UNDERESTIMATING
,UNDERESTIMATION
,UNDERFUNDED
,UNDERINSURED
,UNDERMINE
,UNDERMINED
,UNDERMINES
,UNDERMINING
,UNDERPAID
,UNDERPAYMENT
,UNDERPAYMENTS
,UNDERPAYS
,UNDERPERFORM
,UNDERPERFORMANCE
,UNDERPERFORMED
,UNDERPERFORMING
,UNDERPERFORMS
,UNDERPRODUCED
,UNDERPRODUCTION
,UNDERREPORTING
,UNDERSTATE
,UNDERSTATED
,UNDERSTATEMENT
,UNDERSTATEMENTS
,UNDERSTATES
,UNDERSTATING
,UNDERUTILIZATION
,UNDERUTILIZED
,UNDESIRABLE
,UNDESIRED
,UNDETECTED
,UNDETERMINED
,UNDISCLOSED
,UNDOCUMENTED
,UNDUE
,UNDULY
,UNECONOMIC
,UNECONOMICAL
,UNECONOMICALLY
,UNEMPLOYED
,UNEMPLOYMENT
,UNETHICAL
,UNETHICALLY
,UNEXCUSED
,UNEXPECTED
,UNEXPECTEDLY
,UNFAIR
,UNFAIRLY
,UNFAVORABILITY
,UNFAVORABLE
,UNFAVORABLY
,UNFAVOURABLE
,UNFEASIBLE
,UNFIT
,UNFITNESS
,UNFORESEEABLE
,UNFORESEEN
,UNFORSEEN
,UNFORTUNATE
,UNFORTUNATELY
,UNFOUNDED
,UNFRIENDLY
,UNFULFILLED
,UNFUNDED
,UNINSURED
,UNINTENDED
,UNINTENTIONAL
,UNINTENTIONALLY
,UNJUST
,UNJUSTIFIABLE
,UNJUSTIFIABLY
,UNJUSTIFIED
,UNJUSTLY
,UNKNOWING
,UNKNOWINGLY
,UNLAWFUL
,UNLAWFULLY
,UNLICENSED
,UNLIQUIDATED
,UNMARKETABLE
,UNMERCHANTABLE
,UNMERITORIOUS
,UNNECESSARILY
,UNNECESSARY
,UNNEEDED
,UNOBTAINABLE
,UNOCCUPIED
,UNPAID
,UNPERFORMED
,UNPLANNED
,UNPOPULAR
,UNPREDICTABILITY
,UNPREDICTABLE
,UNPREDICTABLY
,UNPREDICTED
,UNPRODUCTIVE
,UNPROFITABILITY
,UNPROFITABLE
,UNQUALIFIED
,UNREALISTIC
,UNREASONABLE
,UNREASONABLENESS
,UNREASONABLY
,UNRECEPTIVE
,UNRECOVERABLE
,UNRECOVERED
,UNREIMBURSED
,UNRELIABLE
,UNREMEDIED
,UNREPORTED
,UNRESOLVED
,UNREST
,UNSAFE
,UNSALABLE
,UNSALEABLE
,UNSATISFACTORY
,UNSATISFIED
,UNSAVORY
,UNSCHEDULED
,UNSELLABLE
,UNSOLD
,UNSOUND
,UNSTABILIZED
,UNSTABLE
,UNSUBSTANTIATED
,UNSUCCESSFUL
,UNSUCCESSFULLY
,UNSUITABILITY
,UNSUITABLE
,UNSUITABLY
,UNSUITED
,UNSURE
,UNSUSPECTED
,UNSUSPECTING
,UNSUSTAINABLE
,UNTENABLE
,UNTIMELY
,UNTRUSTED
,UNTRUTH
,UNTRUTHFUL
,UNTRUTHFULLY
,UNTRUTHFULNESS
,UNTRUTHS
,UNUSABLE
,UNWANTED
,UNWARRANTED
,UNWELCOME
,UNWILLING
,UNWILLINGNESS
,UPSET
,URGENCY
,URGENT
,USURIOUS
,USURP
,USURPED
,USURPING
,USURPS
,USURY
,VANDALISM
,VERDICT
,VERDICTS
,VETOED
,VICTIMS
,VIOLATE
,VIOLATED
,VIOLATES
,VIOLATING
,VIOLATION
,VIOLATIONS
,VIOLATIVE
,VIOLATOR
,VIOLATORS
,VIOLENCE
,VIOLENT
,VIOLENTLY
,VITIATE
,VITIATED
,VITIATES
,VITIATING
,VITIATION
,VOIDED
,VOIDING
,VOLATILE
,VOLATILITY
,VULNERABILITIES
,VULNERABILITY
,VULNERABLE
,VULNERABLY
,WARN
,WARNED
,WARNING
,WARNINGS
,WARNS
,WASTED
,WASTEFUL
,WASTING
,WEAK
,WEAKEN
,WEAKENED
,WEAKENING
,WEAKENS
,WEAKER
,WEAKEST
,WEAKLY
,WEAKNESS
,WEAKNESSES
,WILLFULLY
,WORRIES
,WORRY
,WORRYING
,WORSE
,WORSEN
,WORSENED
,WORSENING
,WORSENS
,WORST
,WORTHLESS
,WRITEDOWN
,WRITEDOWNS
,WRITEOFF
,WRITEOFFS
,WRONG
,WRONGDOING
,WRONGDOINGS
,WRONGFUL
,WRONGFULLY
,WRONGLY
